{
  "project_info": {
    "project_number": "127344249564",
    "firebase_url": "https://eazypg-3dcb6.firebaseio.com",
    "project_id": "eazypg-3dcb6",
    "storage_bucket": "eazypg-3dcb6.appspot.com"
  },
  "client": [
    {
      "client_info": {
        "mobilesdk_app_id": "1:127344249564:android:07a7b60afa83fb4f",
        "android_client_info": {
          "package_name": "net.eazypg"
        }
      },
      "oauth_client": [
        {
          "client_id": "127344249564-c7n4a0nmhom43gh25fi466djor4jgeoc.apps.googleusercontent.com",
          "client_type": 1,
          "android_info": {
            "package_name": "net.eazypg",
            "certificate_hash": "b640e0301a4f99bdc6a595f9a7283978732e4866"
          }
        },
        {
          "client_id": "127344249564-6mpund3iutg2jfaia91s57hqv0ikckdh.apps.googleusercontent.com",
          "client_type": 3
        }
      ],
      "api_key": [
        {
          "current_key": "AIzaSyBUWcovnL5IstRycYSQFd8DyUUmRpzc7GU"
        }
      ],
      "services": {
        "appinvite_service": {
          "other_platform_oauth_client": [
            {
              "client_id": "127344249564-epufbefah2oslgtc294tmhn3579ofrbs.apps.googleusercontent.com",
              "client_type": 3
            }
          ]
        }
      }
    },
    {
      "client_info": {
        "mobilesdk_app_id": "1:127344249564:android:479b7a3530204a26",
        "android_client_info": {
          "package_name": "net.eazypg.eazypgPartner"
        }
      },
      "oauth_client": [
        {
          "client_id": "127344249564-9mbfu6ckrck7gfhqj5nuou3t00ha0m42.apps.googleusercontent.com",
          "client_type": 1,
          "android_info": {
            "package_name": "net.eazypg.eazypgPartner",
            "certificate_hash": "70ad6de27154bd9a1fed912a54168669d6c56037"
          }
        },
        {
          "client_id": "127344249564-3bv233oth7c5m0js72qf49uoe3q0009q.apps.googleusercontent.com",
          "client_type": 1,
          "android_info": {
            "package_name": "net.eazypg.eazypgPartner",
            "certificate_hash": "0227de5488f71e452a641455e10a0eb35bec59fb"
          }
        },
        {
          "client_id": "127344249564-q61qn3560tod5vtg6ua698mdcpote7pd.apps.googleusercontent.com",
          "client_type": 1,
          "android_info": {
            "package_name": "net.eazypg.eazypgPartner",
            "certificate_hash": "d4a2fc09ceaaf18de14a42d1ea3fa95a29e7bb9c"
          }
        },
        {
          "client_id": "127344249564-6mpund3iutg2jfaia91s57hqv0ikckdh.apps.googleusercontent.com",
          "client_type": 3
        }
      ],
      "api_key": [
        {
          "current_key": "AIzaSyBUWcovnL5IstRycYSQFd8DyUUmRpzc7GU"
        }
      ],
      "services": {
        "appinvite_service": {
          "other_platform_oauth_client": [
            {
              "client_id": "127344249564-epufbefah2oslgtc294tmhn3579ofrbs.apps.googleusercontent.com",
              "client_type": 3
            }
          ]
        }
      }
    },
    {
      "client_info": {
        "mobilesdk_app_id": "1:127344249564:android:6aa2aa5a13b8e67f",
        "android_client_info": {
          "package_name": "net.eazypg.eazypgleads"
        }
      },
      "oauth_client": [
        {
          "client_id": "127344249564-kpnmhlvoj8v39sves5sf7giqhf2979at.apps.googleusercontent.com",
          "client_type": 1,
          "android_info": {
            "package_name": "net.eazypg.eazypgleads",
            "certificate_hash": "d4a2fc09ceaaf18de14a42d1ea3fa95a29e7bb9c"
          }
        },
        {
          "client_id": "127344249564-3uv05j524f531appigo7rfc9ph62l78b.apps.googleusercontent.com",
          "client_type": 1,
          "android_info": {
            "package_name": "net.eazypg.eazypgleads",
            "certificate_hash": "d953c67cc0c2cbdc517e80a5453b36425edeaed0"
          }
        },
        {
          "client_id": "127344249564-i8kb24cc1u5mgkfg1qiahdps2tipk9qq.apps.googleusercontent.com",
          "client_type": 1,
          "android_info": {
            "package_name": "net.eazypg.eazypgleads",
            "certificate_hash": "36db03eb6a522da2a7b8057b7bc1503338d3c9d4"
          }
        },
        {
          "client_id": "127344249564-stg5hjs21fbalhva0vd77nu3gcnplm8c.apps.googleusercontent.com",
          "client_type": 1,
          "android_info": {
            "package_name": "net.eazypg.eazypgleads",
            "certificate_hash": "b640e0301a4f99bdc6a595f9a7283978732e4866"
          }
        },
        {
          "client_id": "127344249564-1u6m5i9g7bguduehq84007cgnufiktqd.apps.googleusercontent.com",
          "client_type": 1,
          "android_info": {
            "package_name": "net.eazypg.eazypgleads",
            "certificate_hash": "0227de5488f71e452a641455e10a0eb35bec59fb"
          }
        },
        {
          "client_id": "127344249564-6mpund3iutg2jfaia91s57hqv0ikckdh.apps.googleusercontent.com",
          "client_type": 3
        }
      ],
      "api_key": [
        {
          "current_key": "AIzaSyBUWcovnL5IstRycYSQFd8DyUUmRpzc7GU"
        }
      ],
      "services": {
        "appinvite_service": {
          "other_platform_oauth_client": [
            {
              "client_id": "127344249564-epufbefah2oslgtc294tmhn3579ofrbs.apps.googleusercontent.com",
              "client_type": 3
            }
          ]
        }
      }
    },
    {
      "client_info": {
        "mobilesdk_app_id": "1:127344249564:android:b21ad3f7aa0e7346",
        "android_client_info": {
          "package_name": "net.eazypg.eazypgmanager"
        }
      },
      "oauth_client": [
        {
          "client_id": "127344249564-3b2noa8j8f569frc5m9kvrt4cgseubis.apps.googleusercontent.com",
          "client_type": 1,
          "android_info": {
            "package_name": "net.eazypg.eazypgmanager",
            "certificate_hash": "7a414386b8bc3f7dffcf713eab04858ec944fb27"
          }
        },
        {
          "client_id": "127344249564-4gu9429g94cmpl15uk2b86mjo82g7rtq.apps.googleusercontent.com",
          "client_type": 1,
          "android_info": {
            "package_name": "net.eazypg.eazypgmanager",
            "certificate_hash": "9b284caeaf4c177a60b66cabf28f5c38e0313a8b"
          }
        },
        {
          "client_id": "127344249564-u11n2n05ehumoi0dear51leteniqh0h2.apps.googleusercontent.com",
          "client_type": 1,
          "android_info": {
            "package_name": "net.eazypg.eazypgmanager",
            "certificate_hash": "8e671abf41a269916e28f305c41ec26fc243858a"
          }
        },
        {
          "client_id": "127344249564-6mpund3iutg2jfaia91s57hqv0ikckdh.apps.googleusercontent.com",
          "client_type": 3
        }
      ],
      "api_key": [
        {
          "current_key": "AIzaSyBUWcovnL5IstRycYSQFd8DyUUmRpzc7GU"
        }
      ],
      "services": {
        "appinvite_service": {
          "other_platform_oauth_client": [
            {
              "client_id": "127344249564-epufbefah2oslgtc294tmhn3579ofrbs.apps.googleusercontent.com",
              "client_type": 3
            }
          ]
        }
      }
    },
    {
      "client_info": {
        "mobilesdk_app_id": "1:127344249564:android:4437efb97ccb8092",
        "android_client_info": {
          "package_name": "net.eazypg.eazypgmeetings"
        }
      },
      "oauth_client": [
        {
          "client_id": "127344249564-p8p0v14jlq1laakoceb67l737keellhk.apps.googleusercontent.com",
          "client_type": 1,
          "android_info": {
            "package_name": "net.eazypg.eazypgmeetings",
            "certificate_hash": "0227de5488f71e452a641455e10a0eb35bec59fb"
          }
        },
        {
          "client_id": "127344249564-6mpund3iutg2jfaia91s57hqv0ikckdh.apps.googleusercontent.com",
          "client_type": 3
        }
      ],
      "api_key": [
        {
          "current_key": "AIzaSyBUWcovnL5IstRycYSQFd8DyUUmRpzc7GU"
        }
      ],
      "services": {
        "appinvite_service": {
          "other_platform_oauth_client": [
            {
              "client_id": "127344249564-epufbefah2oslgtc294tmhn3579ofrbs.apps.googleusercontent.com",
              "client_type": 3
            }
          ]
        }
      }
    },
    {
      "client_info": {
        "mobilesdk_app_id": "1:127344249564:android:948001cf66faeb2f",
        "android_client_info": {
          "package_name": "net.eazypg.eazypgquery"
        }
      },
      "oauth_client": [
        {
          "client_id": "127344249564-uop5i6rdktdn0ua8teum74ejhrkfmdum.apps.googleusercontent.com",
          "client_type": 1,
          "android_info": {
            "package_name": "net.eazypg.eazypgquery",
            "certificate_hash": "0227de5488f71e452a641455e10a0eb35bec59fb"
          }
        },
        {
          "client_id": "127344249564-6mpund3iutg2jfaia91s57hqv0ikckdh.apps.googleusercontent.com",
          "client_type": 3
        }
      ],
      "api_key": [
        {
          "current_key": "AIzaSyBUWcovnL5IstRycYSQFd8DyUUmRpzc7GU"
        }
      ],
      "services": {
        "appinvite_service": {
          "other_platform_oauth_client": [
            {
              "client_id": "127344249564-epufbefah2oslgtc294tmhn3579ofrbs.apps.googleusercontent.com",
              "client_type": 3
            }
          ]
        }
      }
    },
    {
      "client_info": {
        "mobilesdk_app_id": "1:127344249564:android:1318560a2e6e73f1",
        "android_client_info": {
          "package_name": "net.eazypg.eazypgsales"
        }
      },
      "oauth_client": [
        {
          "client_id": "127344249564-amj8kf80dcrsp23hgqm6sfc1ol1fr4pe.apps.googleusercontent.com",
          "client_type": 1,
          "android_info": {
            "package_name": "net.eazypg.eazypgsales",
            "certificate_hash": "0227de5488f71e452a641455e10a0eb35bec59fb"
          }
        },
        {
          "client_id": "127344249564-6mpund3iutg2jfaia91s57hqv0ikckdh.apps.googleusercontent.com",
          "client_type": 3
        }
      ],
      "api_key": [
        {
          "current_key": "AIzaSyBUWcovnL5IstRycYSQFd8DyUUmRpzc7GU"
        }
      ],
      "services": {
        "appinvite_service": {
          "other_platform_oauth_client": [
            {
              "client_id": "127344249564-epufbefah2oslgtc294tmhn3579ofrbs.apps.googleusercontent.com",
              "client_type": 3
            }
          ]
        }
      }
    },
    {
      "client_info": {
        "mobilesdk_app_id": "1:127344249564:android:1dbd59c5fb1d042b",
        "android_client_info": {
          "package_name": "net.eazypg.eazypgsound"
        }
      },
      "oauth_client": [
        {
          "client_id": "127344249564-gh8ecrdehuij544t4gkot342i2l8r778.apps.googleusercontent.com",
          "client_type": 1,
          "android_info": {
            "package_name": "net.eazypg.eazypgsound",
            "certificate_hash": "36db03eb6a522da2a7b8057b7bc1503338d3c9d4"
          }
        },
        {
          "client_id": "127344249564-6mpund3iutg2jfaia91s57hqv0ikckdh.apps.googleusercontent.com",
          "client_type": 3
        }
      ],
      "api_key": [
        {
          "current_key": "AIzaSyBUWcovnL5IstRycYSQFd8DyUUmRpzc7GU"
        }
      ],
      "services": {
        "appinvite_service": {
          "other_platform_oauth_client": [
            {
              "client_id": "127344249564-epufbefah2oslgtc294tmhn3579ofrbs.apps.googleusercontent.com",
              "client_type": 3
            }
          ]
        }
      }
    },
    {
      "client_info": {
        "mobilesdk_app_id": "1:127344249564:android:ebc600bc6c809ba0",
        "android_client_info": {
          "package_name": "net.eazypg.eazypgstaff"
        }
      },
      "oauth_client": [
        {
          "client_id": "127344249564-mldht9p90v712d9e86habnp4oc6fkpna.apps.googleusercontent.com",
          "client_type": 1,
          "android_info": {
            "package_name": "net.eazypg.eazypgstaff",
            "certificate_hash": "8cff96e5e8b61cd5acff0d1e0f3e7268c2dda4a2"
          }
        },
        {
          "client_id": "127344249564-6mpund3iutg2jfaia91s57hqv0ikckdh.apps.googleusercontent.com",
          "client_type": 3
        }
      ],
      "api_key": [
        {
          "current_key": "AIzaSyBUWcovnL5IstRycYSQFd8DyUUmRpzc7GU"
        }
      ],
      "services": {
        "appinvite_service": {
          "other_platform_oauth_client": [
            {
              "client_id": "127344249564-epufbefah2oslgtc294tmhn3579ofrbs.apps.googleusercontent.com",
              "client_type": 3
            }
          ]
        }
      }
    },
    {
      "client_info": {
        "mobilesdk_app_id": "1:127344249564:android:34db401891d8ded0",
        "android_client_info": {
          "package_name": "net.eazypg.eazypgtenant"
        }
      },
      "oauth_client": [
        {
          "client_id": "127344249564-hln84ju5nm8th0d3u48sl4hqmldt5iba.apps.googleusercontent.com",
          "client_type": 1,
          "android_info": {
            "package_name": "net.eazypg.eazypgtenant",
            "certificate_hash": "8e671abf41a269916e28f305c41ec26fc243858a"
          }
        },
        {
          "client_id": "127344249564-9ksg4m9584pj85mvactt63410e9vjp6q.apps.googleusercontent.com",
          "client_type": 1,
          "android_info": {
            "package_name": "net.eazypg.eazypgtenant",
            "certificate_hash": "a903dcf5aba7c7bf10e734fa644d3cb03df7c2b5"
          }
        },
        {
          "client_id": "127344249564-fc2bobcnjmqlb9q5e932te2b5jhrk8ko.apps.googleusercontent.com",
          "client_type": 1,
          "android_info": {
            "package_name": "net.eazypg.eazypgtenant",
            "certificate_hash": "7a414386b8bc3f7dffcf713eab04858ec944fb27"
          }
        },
        {
          "client_id": "127344249564-mud5estoqm8fav652mtj1musesr08k5k.apps.googleusercontent.com",
          "client_type": 1,
          "android_info": {
            "package_name": "net.eazypg.eazypgtenant",
            "certificate_hash": "ad49cf104977a38bd6479a445cb7d6bc8f417afb"
          }
        },
        {
          "client_id": "127344249564-dku2h7r61b9m09aq9s7cvdtf6h7van0a.apps.googleusercontent.com",
          "client_type": 1,
          "android_info": {
            "package_name": "net.eazypg.eazypgtenant",
            "certificate_hash": "bcafda87a40f085a72b4b729dfbacb1e3d8a86e1"
          }
        },
        {
          "client_id": "127344249564-6mpund3iutg2jfaia91s57hqv0ikckdh.apps.googleusercontent.com",
          "client_type": 3
        }
      ],
      "api_key": [
        {
          "current_key": "AIzaSyBUWcovnL5IstRycYSQFd8DyUUmRpzc7GU"
        }
      ],
      "services": {
        "appinvite_service": {
          "other_platform_oauth_client": [
            {
              "client_id": "127344249564-epufbefah2oslgtc294tmhn3579ofrbs.apps.googleusercontent.com",
              "client_type": 3
            }
          ]
        }
      }
    }
  ],
  "configuration_version": "1"
}